Ady.Yang	A1	陳心怡	大江	Aggie.Chen	Aggie.Chen
Ady.Yang	A1	黃冠禎	S8	HuangGuanZhen	HuangGuanZhen
Ady.Yang	A1	張睿邗	大江	Sophia.Chang	Sophia.Chang
Ady.Yang	A1	莊悰清	大江	Helen.Chuang	Helen.Chuang
Ady.Yang	A1	张斌	S8	bin	bin
Ady.Yang	A1	崔震锋	S8	Bao.Cui	Bao.Cui
Ady.Yang	A1	宋唯岭	S8	ALING.SONG	ALING.SONG
Ady.Yang	A1	楊惠君	農科	Ady.Yang	Ady.Yang
Ady.Yang	A1	巢富閎	大江	Aaron.Chao	Aaron.Chao
Ady.Yang	A1	郭治宇	生技	18321783105	18321783105
Alice.Chiang	A2	陆命命	S8	AMY.LU	AMY.LU
Alice.Chiang	A2	何浩瑋	農科	Al.He@tci-bio.com	Al.He@tci-bio.com
Alice.Chiang	A2	翁忠弘	#N/A	Troy.Weng	Troy.Weng
Alice.Chiang	A2	宋玉春	大江	Haru.Sung	Haru.Sung
Alice.Chiang	A2	卫晓红	S7	Anna.Wei	Anna.Wei
Alice.Chiang	A2	林羿岑	大江	Angela.Lin	Angela.Lin
Alice.Chiang	A2	龔建安	農科	Andrew.Kung	Andrew.Kung
Alice.Chiang	A2	尹志光	農科	Andersen.Yin	Andersen.Yin
Alice.Chiang	A2	姜玫如	大江	Alice.Chiang	Alice.Chiang
Alice.Chiang	A2	姚欣	生技	15190274108	15190274108
Anita.liu	A3	管趙	国贸	Antony.Guan	Antony.Guan
Anita.liu	A3	陳盈竹	大江	Ashley.Chen	Ashley.Chen
Anita.liu	A3	奧荷莉	大江	Aurelie.Leon	Aurelie.Leon
Anita.liu	A3	劉懿萱	生技	Alice.Liu	Alice.Liu
Anita.liu	A3	张贝	S8	bei	bei
Anita.liu	A3	白孟娟	S8	BAI.BAI@tci-bio.com	BAI.BAI@tci-bio.com
Anita.liu	A3	赵志伟	S8	ARRON.ZHAO	ARRON.ZHAO
Anita.liu	A3	陳思云	農科	Ariel.Chen	Ariel.Chen
Anita.liu	A3	劉怡君	大江	Anita.liu	Anita.liu
Anita.liu	A3	刘燕燕	生技	13818747401	13818747401
Blair.Lin	A5	陳彥任	大江	Aaron.Chen	Aaron.Chen
Blair.Lin	A5	賀斌	S7	Bing.He	Bing.He
Blair.Lin	A5	廖于綺	大江	Briseis.Liao	Briseis.Liao
Blair.Lin	A5	彭玉梅	S8	yumei.peng	yumei.peng
Blair.Lin	A5	陆春浩	S8	harry	harry
Blair.Lin	A5	陳重嘉	美膚	Carlos.Chen	Carlos.Chen
Blair.Lin	A5	林屏	大江	Candice.Lin	Candice.Lin
Blair.Lin	A5	林鋅江	大江	Blair.Lin	Blair.Lin
Blair.Lin	A5	莊貝琪	農科	51fa4c66f79207584a6a7d9272d03c55	51fa4c66f79207584a6a7d9272d03c55
Blair.Lin	A5	崔文怡	生技	13816123683	13816123683
Christine.Lin	A6	陳瑾慧	大江	Carol.Chen	Carol.Chen
Christine.Lin	A6	謝承翃	大江	CH.Hsieh	CH.Hsieh
Christine.Lin	A6	謝佳玲	大江	Charlene.Hsieh	Charlene.Hsieh
Christine.Lin	A6	黃譯慧	生技	Chloe.Huang	Chloe.Huang
Christine.Lin	A6	葉慶梅	大江	Chris.Yeh	Chris.Yeh
Christine.Lin	A6	林秀薇	大江	Christine.Lin	Christine.Lin
Christine.Lin	A6	蒋効佐	生科	chasel	chasel
Christine.Lin	A6	陳秀芳	大江	Cathy.Chen	Cathy.Chen
Christine.Lin	A6	林于婷	大江	Carol.Lin	Carol.Lin
Christine.Lin	A6	邸高艳	生科	15626039733	15626039733
Cindy.Chen	A7	徐偉亭	大江	Claire.Hsu	Claire.Hsu
Cindy.Chen	A7	歐靖詠	大江	Claire.Ou	Claire.Ou
Cindy.Chen	A7	許田坪	大江	Cloud.Hsu	Cloud.Hsu
Cindy.Chen	A7	陳宗正	大江	Colin.Chen	Colin.Chen
Cindy.Chen	A7	李大凤	S8	18721596652	18721596652
Cindy.Chen	A7	李昆達	大江	Daniel.Li	Daniel.Li
Cindy.Chen	A7	姜洁	S8	Krystal	Krystal
Cindy.Chen	A7	林家誼	農科	Daisy.Lin	Daisy.Lin
Cindy.Chen	A7	陳敬亭	大江	Cindy.Chen	Cindy.Chen
Cindy.Chen	A7	李清华	S8	CHRISTIE	CHRISTIE
Ella.Meng	A8	阮丹英	S7	danying	danying
Ella.Meng	A8	黄娣红	S8	18817726973	18817726973
Ella.Meng	A8	臧天睿	大江	Sky.Tsang	Sky.Tsang
Ella.Meng	A8	徐雯槿	大江	Peggy.Hsu	Peggy.Hsu
Ella.Meng	A8	孟瑶瑶	生科	Ella.Meng	Ella.Meng
Ella.Meng	A8	陈思源	S8	Eason.Chen	Eason.Chen
Ella.Meng	A8	李毓萍	大江	Dorothy.Lee	Dorothy.Lee
Ella.Meng	A8	邓建雄	S8	DengJianXiong	DengJianXiong
Ella.Meng	A8	賴愉蒨	農科	Anna.Lai	Anna.Lai
Ella.Meng	A8	李昊	S7	18621676179	18621676179
Erik.Hsu	A9	蔡玉熏	大江	Ellen.Tsai	Ellen.Tsai
Erik.Hsu	A9	黃成達	大江	Edward.Huang	Edward.Huang
Erik.Hsu	A9	沈利紜	S8	Ellen.Shen	Ellen.Shen
Erik.Hsu	A9	李巧鈴	大江	elsalee	elsalee
Erik.Hsu	A9	王洋	S8	Tina.Wang	Tina.Wang
Erik.Hsu	A9	李思翰	大江	Henry.Lee	Henry.Lee
Erik.Hsu	A9	許志邑	大江	Erik.Hsu	Erik.Hsu
Erik.Hsu	A9	邢燕娟	生科	emily.xing	emily.xing
Erik.Hsu	A9	邰莉雅	生技	Daria.Zhuravleva	Daria.Zhuravleva
Erik.Hsu	A9	孙轶群	生技	13585969831	13585969831
Evelyn.Chung	B1	翁菁憶	S8	Evelyn.Weng	Evelyn.Weng
Evelyn.Chung	B1	林慧雯	大江	Willa.Lin	Willa.Lin
Evelyn.Chung	B1	杨娜	S8	na	na
Evelyn.Chung	B1	謝孟涓	農科	Irene.Xie	Irene.Xie
Evelyn.Chung	B1	鍾佳蓉	大江	Evelyn.Chung	Evelyn.Chung
Evelyn.Chung	B1	余逸凡	大江	Eva.Yu	Eva.Yu
Evelyn.Chung	B1	李宜樺	農科	Eva.Lee	Eva.Lee
Evelyn.Chung	B1	潮梦凌	生科	Emma.Chao	Emma.Chao
Evelyn.Chung	B1	王义文	生科	17721372077	17721372077
Evelyn.Chung	B1	王柯树	生科	17628012302	17628012302
George.Chen	B2	江政憲	大江	Frank.Chiang	Frank.Chiang
George.Chen	B2	溫證皓	大江	Frederic.Wen	Frederic.Wen
George.Chen	B2	許智慧	大江	hailey.koh@tci-bio.com	hailey.koh@tci-bio.com
George.Chen	B2	黃琡涵	大江	Hannah.Huang	Hannah.Huang
George.Chen	B2	黃騰緯	大江	hannes.huang@tci-bio.com	hannes.huang@tci-bio.com
George.Chen	B2	楊宗翰	大江	Hans.Yang	Hans.Yang
George.Chen	B2	陳宣伊	大江	Jalynn.Chen	Jalynn.Chen
George.Chen	B2	易浩	S8	Hao	Hao
George.Chen	B2	陳信良	農科	george.chen	george.chen
George.Chen	B2	吴智明	生科	garfield	garfield
Grace.Fu	B3	倪潔莉	生科	ilyn	ilyn
Grace.Fu	B3	邱唯恒	大江	Leon.Chiu	Leon.Chiu
Grace.Fu	B3	饶攀	生科	Joy.Rao	Joy.Rao
Grace.Fu	B3	張欣怡	大江	Jacqueline.Teoh	Jacqueline.Teoh
Grace.Fu	B3	王筱玲	農科	Irene.Wang	Irene.Wang
Grace.Fu	B3	顾火弟	S8	HUODI	HUODI
Grace.Fu	B3	张辉	S8	hui	hui
Grace.Fu	B3	林浩平	大江	Howard.Lin	Howard.Lin
Grace.Fu	B3	陈红敏	S8	hongmin	hongmin
Grace.Fu	B3	傅珍珍	大江	Grace.Fu	Grace.Fu
Grace.Wang	B5	陳鴻霖	大江	Jack.Chen	Jack.Chen
Grace.Wang	B5	李伙努	S8	15900805426	15900805426
Grace.Wang	B5	姚亮杰	生技	JAY.YAO	JAY.YAO
Grace.Wang	B5	高振壹	大江	Jae.Kao	Jae.Kao
Grace.Wang	B5	潘翔远	生科	irispan	irispan
Grace.Wang	B5	蔡佳蘭	農科	Iris.Tsai	Iris.Tsai
Grace.Wang	B5	高红红	S8	honghong	honghong
Grace.Wang	B5	王文昭	大江	gracewang	gracewang
Grace.Wang	B5	李方方	S8	Fangfang	Fangfang
Grace.Wang	B5	徐莺	生科	13512155175	13512155175
Sandra.Wang	C1	黃振嘉	大江	Stanley.Huang	Stanley.Huang
Sandra.Wang	C1	馬書軍	S8	Steven.Ma	Steven.Ma
Sandra.Wang	C1	石恩林	S8	Stone.Shi	Stone.Shi
Sandra.Wang	C1	郭心羽	大江	Sophie.Kuo	Sophie.Kuo
Sandra.Wang	C1	苏亚儒	生科	Sophia.Su	Sophia.Su
Sandra.Wang	C1	王淑靜	基因	Sandra.Wang	Sandra.Wang
Sandra.Wang	C1	甘愷雯	基因	Karen.Kan	Karen.Kan
Sandra.Wang	C1	夏双燕	S8	18275486466	18275486466
Sandra.Wang	C1	富秀文	生技	17889962533	17889962533
Sandra.Wang	C1	李扬	生技	13636320760	13636320760
Tommy.Huang	C2	陳佳佳	大江	Thachawan.C	Thachawan.C
Tommy.Huang	C2	張惠淳	大江	Tiffany.Chang	Tiffany.Chang
Tommy.Huang	C2	唐閎陞	S8	Tim.Tong	Tim.Tong
Tommy.Huang	C2	蔣秀明	大江	Tina.Chiang	Tina.Chiang
Tommy.Huang	C2	王颖超	生技	已离职	已离职
Tommy.Huang	C2	王儷穎	大江	Tiffany.Wang	Tiffany.Wang
Tommy.Huang	C2	盛永军	S8	THOMAS.SHENG	THOMAS.SHENG
Tommy.Huang	C2	肖书倩	S7	SUSIE	SUSIE
Tommy.Huang	C2	黃唯欣	農科	HuangWeiXin	HuangWeiXin
Tommy.Huang	C2	陳巧婷	基因	Chelsea.Chen	Chelsea.Chen
Wendy.Tang	C3	李火碗	S8	13601934243	13601934243
Wendy.Tang	C3	陳冠霖	S8	ZhenGuanLin	ZhenGuanLin
Wendy.Tang	C3	鄧蓓	大江	Wendy.Tang	Wendy.Tang
Wendy.Tang	C3	薛夏青	生科	Vicky.Xue	Vicky.Xue
Wendy.Tang	C3	林慧敏	大江	Viana.Lin	Viana.Lin
Wendy.Tang	C3	魏继文	S7	VEILE.WEI	VEILE.WEI
Wendy.Tang	C3	王庆元	S8	Qingyuan	Qingyuan
Wendy.Tang	C3	張欣怡	大江	Jacqueline.Teoh	Jacqueline.Teoh
Wendy.Tang	C3	吳浩東	基因	Andrew.Wu@tci-bio.com	Andrew.Wu@tci-bio.com
Molly.Sun	C5	孫偉	国贸	Molly.Sun	Molly.Sun
Molly.Sun	C5	梁文静	S8	13761221917	13761221917
Molly.Sun	C5	莫文娟	S8	wenjuan	wenjuan
Molly.Sun	C5	陳玟玲	大江	Wenling.Chen@tci-bio.com	Wenling.Chen@tci-bio.com
Molly.Sun	C5	翟伟	S8	wei	wei
Molly.Sun	C5	卓雨薇	大江	Vivien.Cho	Vivien.Cho
Molly.Sun	C5	罗薇	S7	15801870545	15801870545
Molly.Sun	C5	顾超	S8	13601962512	13601962512
Molly.Sun	C5	周雯	生技	13127796368	13127796368
Sandy.Liu	C6	劉珊珊	生科	Sandy.Liu	Sandy.Liu
Sandy.Liu	C6	王兴杰	S8	18855769775	18855769775
Sandy.Liu	C6	赵艳	S8	17317650918	17317650918
Sandy.Liu	C6	郑玉兰	S8	YOLANDA.ZHENG	YOLANDA.ZHENG
Sandy.Liu	C6	黃婷	大江	Christy.Huang	Christy.Huang
Sandy.Liu	C6	童翊安	大江	Yian.Tung	Yian.Tung
Sandy.Liu	C6	陳世褆	美膚	XAVIER.CHEN	XAVIER.CHEN
Sandy.Liu	C6	张小莉	S8	13774253519	13774253519
Sandy.Liu	C6	姜奕豪	S8	0958083760	0958083760
Jeffery.Wu	C7	吳瑞益	大江	Jeffrey.Wu	Jeffrey.Wu
Jeffery.Wu	C7	張少均	生科	Bert.Chang	Bert.Chang
Jeffery.Wu	C7	陳鈺琪	S8	Yukii.Chen	Yukii.Chen
Jeffery.Wu	C7	劉蕙瑄	農科	Zita.Liu	Zita.Liu
Jeffery.Wu	C7	蒋中花	S8	zhonghua	zhonghua
Jeffery.Wu	C7	蒋中恒	S8	zhongheng	zhongheng
Jeffery.Wu	C7	黄泽英	S7	Zeying.Huang	Zeying.Huang
Jeffery.Wu	C7	余錦秀	大江	Yuna.Yu	Yuna.Yu
Jeffery.Wu	C7	肖媛旭	S8	YUANXU.XIAO	YUANXU.XIAO
Lynn.Hsu	D1	李倩	S8	15721525658	15721525658
Lynn.Hsu	D1	謝瑀心	基因	Sylvia.Hsieh@tci-bio.com	Sylvia.Hsieh@tci-bio.com
Lynn.Hsu	D1	孙洒洒	生科	Sunny.Sun	Sunny.Sun
Lynn.Hsu	D1	杨博翔	生科	Ray.Yang	Ray.Yang
Lynn.Hsu	D1	蒋美珍	S8	RAVEN.JIANG	RAVEN.JIANG
Lynn.Hsu	D1	李然收	S8	Ranshou	Ranshou
Lynn.Hsu	D1	彭佩佩	生科	Purpose.Peng	Purpose.Peng
Lynn.Hsu	D1	徐佳伶	大江	Lynn.Hsu	Lynn.Hsu
Lynn.Hsu	D1	王佩雯	基因	Bei.Wang	Bei.Wang
Lynn.Hsu	D1	郭乙芑	美國	Anne.Kuo	Anne.Kuo
Newman.Xue	D2	薛勝英	生科	Newman.Xue	Newman.Xue
Newman.Xue	D2	李東維	大江	LiDongYiremi	LiDongYiremi
Newman.Xue	D2	東峻平	大江	Ricky.Tung	Ricky.Tung
Newman.Xue	D2	朱一華	生科	Robert.Zhu	Robert.Zhu
Newman.Xue	D2	王宏福	大江	Vincent.Wang	Vincent.Wang
Newman.Xue	D2	周君妹	S7	Rose.Zhou	Rose.Zhou
Newman.Xue	D2	王隽	生科	Roger.Wang	Roger.Wang
Newman.Xue	D2	杨柯楠	生科	Rocky.Yang	Rocky.Yang
Newman.Xue	D2	吳佩蓉	基因	Lauren.Wu	Lauren.Wu
Newman.Xue	D2	王奇	生科	13918857079	13918857079
Robin.Wang	D3	鐘鈺旻	大江	Ryan.Chung	Ryan.Chung
Robin.Wang	D3	王玉	生科	Winnie.Wang	Winnie.Wang
Robin.Wang	D3	何善全	大江	Sebastiaan.Hofstede	Sebastiaan.Hofstede
Robin.Wang	D3	楊智升	農科	Sam.Yang	Sam.Yang
Robin.Wang	D3	尚胜	S7	Sam.Shang	Sam.Shang
Robin.Wang	D3	江耿安	大江	Ryder.Jiang	Ryder.Jiang
Robin.Wang	D3	王金良	S8	Robin.Wang	Robin.Wang
Robin.Wang	D3	詹淑婷	基因	Rebecca.Chan	Rebecca.Chan
Robin.Wang	D3	叶文超	S8	Eason.YE	Eason.YE
Robin.Wang	D3	党昕	生科	DangXin	DangXin
Roy.Chang	D5	李政穎	大江	Jacky.Lee	Jacky.Lee
Roy.Chang	D5	李婷婷	S8	13162169196	13162169196
Roy.Chang	D5	冯云依	S8	yunyi	yunyi
Roy.Chang	D5	施雪芳	S8	Snow.Shi	Snow.Shi
Roy.Chang	D5	王帅卡	S8	Shuaika	Shuaika
Roy.Chang	D5	張竣翔	大江	Roy.Chang	Roy.Chang
Roy.Chang	D5	劉復誠	基因	Nick.Liu	Nick.Liu
Roy.Chang	D5	吴明	S8	Jack	Jack
Roy.Chang	D5	林德全	大江	Alston.Lin	Alston.Lin
Roy.Chang	D5	曲岩	生科	13337636233	13337636233
Ingrid.Chang	E1	張雅婷	農科	ingridchang	ingridchang
Ingrid.Chang	E1	邱詠詮	S8	QiuYongQuan	QiuYongQuan
Ingrid.Chang	E1	呂杰修	大江	jay	jay
Ingrid.Chang	E1	陳威仁	大江	Kerwin.Chen	Kerwin.Chen
Ingrid.Chang	E1	李彥霖	大江	Jerry.Lee	Jerry.Lee
Ingrid.Chang	E1	卢静	生科	Jenny.Lu	Jenny.Lu
Ingrid.Chang	E1	鲁征成	S8	jay.lu	jay.lu
Ingrid.Chang	E1	韩宏宇	生科	HanHongYu	HanHongYu
Ingrid.Chang	E1	姚静怡	生技	15821875040	15821875040
Ingrid.Chang	E1	吴刘烨	生技	13450221211	13450221211
Jack.Chiu	E2	李佳軒	大江	Jessie.Lee	Jessie.Lee
Jack.Chiu	E2	黃正謀	大江	Jim.Huang	Jim.Huang
Jack.Chiu	E2	王玲	S8	LING.WANG	LING.WANG
Jack.Chiu	E2	陳袖甄	大江	Joanna.Chen	Joanna.Chen
Jack.Chiu	E2	陳琬真	農科	Joan.Chen	Joan.Chen
Jack.Chiu	E2	柳继东	S8	Jidong	Jidong
Jack.Chiu	E2	郭健忠	S8	JESTER.KUO	JESTER.KUO
Jack.Chiu	E2	朱静悦	生科	Jesmy.Zhu	Jesmy.Zhu
Jack.Chiu	E2	邱琮傑	大江	jackchiu	jackchiu
Jack.Chiu	E2	林苑	生技	18817836326	18817836326
Jason.Xiao	E3	李喻嶸	生科	Joyce.Li	Joyce.Li
Jason.Xiao	E3	黃若瑜	大江	Joyu.Huang	Joyu.Huang
Jason.Xiao	E3	冮丽娜	生科	Maggie.Gang	Maggie.Gang
Jason.Xiao	E3	唐毅恆	農科	ken.tong	ken.tong
Jason.Xiao	E3	鍾雨縈	美國	Kayla.Chung	Kayla.Chung
Jason.Xiao	E3	王玉玲	大江	Kate.Wang	Kate.Wang
Jason.Xiao	E3	肖志鋮	大江	jason.xiao	jason.xiao
Jason.Xiao	E3	張雅雯	農科	ea8d7582a1a2f44e6d20c20a9ead8510	ea8d7582a1a2f44e6d20c20a9ead8510
Jason.Xiao	E3	卫国强	S8	18121084606	18121084606
Jason.Xiao	E3	刘凯璇	生科	15811125331	15811125331
Jerry.Lu	E5	張文鴻	生科	Kevin.Chang	Kevin.Chang
Jerry.Lu	E5	許景雲	生技	Key.Hsu	Key.Hsu
Jerry.Lu	E5	陳偉雄	農科	Mars.Chen	Mars.Chen
Jerry.Lu	E5	魯建宇	大江	LvJianYu	LvJianYu
Jerry.Lu	E5	周慧燕	S8	Lay.Zhou	Lay.Zhou
Jerry.Lu	E5	徐芷陶	大江	Laure.Hsu	Laure.Hsu
Jerry.Lu	E5	易鹏飞	生技	KEVIN.YI	KEVIN.YI
Jerry.Lu	E5	姚文斌	S8	Kevin.Yao	Kevin.Yao
Jerry.Lu	E5	施晓磊	S8	Eden.Shi	Eden.Shi
Jerry.Lu	E5	叶秀青	生科	13450281703	13450281703
Johnson.Chi	E6	陳彥澤	S8	Leo.Chen	Leo.Chen
Johnson.Chi	E6	陳冠妤	大江	Blair.Chen	Blair.Chen
Johnson.Chi	E6	邱晓艳	S8	LiLy.Qiu	LiLy.Qiu
Johnson.Chi	E6	潘丽骏	国贸	Lillian.Pan	Lillian.Pan
Johnson.Chi	E6	黃詩茜	大江	Liliana.Huang	Liliana.Huang
Johnson.Chi	E6	李广哲	生科	Leo.Li	Leo.Li
Johnson.Chi	E6	張耀宇	農科	Leo.Chang	Leo.Chang
Johnson.Chi	E6	季偉強	#N/A	Johnson.Chi	Johnson.Chi
Johnson.Chi	E6	李姿莹	生技	18217073085	18217073085
Johnson.Chi	E6	耿峤宇	生科	15225943231	15225943231
Joy.Liu	E7	莊涵茹	大江	Maggie.Chuang	Maggie.Chuang
Joy.Liu	E7	陳雅雯	生活	Vivien.Chen	Vivien.Chen
Joy.Liu	E7	黄权权	S8	Nancy.Huang	Nancy.Huang
Joy.Liu	E7	刘巧丽	国贸	Luna.Liu	Luna.Liu
Joy.Liu	E7	林映汝	生技	Lulu.Lin	Lulu.Lin
Joy.Liu	E7	廖家儀	美膚	Lucie.Liao	Lucie.Liao
Joy.Liu	E7	湯宜璇	農科	Livia.Tang	Livia.Tang
Joy.Liu	E7	劉琰	#N/A	Joy.Liu	Joy.Liu
Joy.Liu	E7	张露露	S8	Dave	Dave
Joy.Liu	E7	杨松	生科	18687500930	18687500930
Katze.Ho	F1	陳怡靜	生技	Mandy.Chen	Mandy.Chen
Katze.Ho	F1	黃千恬	大江	Mandy.Huang	Mandy.Huang
Katze.Ho	F1		#N/A	#N/A	#N/A
Katze.Ho	F1	吳季穎	生活	Ryan.Wu	Ryan.Wu
Katze.Ho	F1	郭玠呈	大江	Mark.Kuo	Mark.Kuo
Katze.Ho	F1	王继曼	S8	Mandy.Wang	Mandy.Wang
Katze.Ho	F1	江宜庭	大江	Mandy.Chiang	Mandy.Chiang
Katze.Ho	F1	何俊穎	大江	Katze.Ho	Katze.Ho
Katze.Ho	F1	郁丽黎	S8	18001771229	18001771229
Katze.Ho	F1	王平	S8	13764656320	13764656320
Ken-TC.Lin	F2	林煥祐	大江	Marshall.Lin	Marshall.Lin
Ken-TC.Lin	F2	葉光興	S8	Mason.Ye	Mason.Ye
Ken-TC.Lin	F2	薛婷婷	生科	Michelle.Xue	Michelle.Xue
Ken-TC.Lin	F2	顾培备	S8	Michele.Gu	Michele.Gu
Ken-TC.Lin	F2	李秋月	農科	Mavis.Lee	Mavis.Lee
Ken-TC.Lin	F2	朱宗利	S7	maura	maura
Ken-TC.Lin	F2	林天健	S8	ken	ken
Ken-TC.Lin	F2	葛成元	S8	GeChengYuan	GeChengYuan
Ken-TC.Lin	F2	詹雲翔	生活	Daniel.Chan	Daniel.Chan
Ken-TC.Lin	F2	朱琳	生技	15800952761	15800952761
Kevin.Tsai	F3	翁華璞	大江	Pearl.Weng	Pearl.Weng
Kevin.Tsai	F3	黃南鈞	大江	Nan.Huang	Nan.Huang
Kevin.Tsai	F3	胡芷昀	S8	Molly.Hu	Molly.Hu
Kevin.Tsai	F3	蒋淅红	S8	moira	moira
Kevin.Tsai	F3	王錦佳	農科	Miles.Wang	Miles.Wang
Kevin.Tsai	F3	施杏怡	生活	May.Shih	May.Shih
Kevin.Tsai	F3	林俊宇	農科	LinJunYu	LinJunYu
Kevin.Tsai	F3	蔡智誠	農科	Kevin.Tsai	Kevin.Tsai
Kevin.Tsai	F3	陆馨琰	S8	13916954109	13916954109
Kevin.Tsai	F3	李玥	生技	13816615573	13816615573
Larry.Lo	F5	魯伊晨	大江	Nancy.Lu	Nancy.Lu
Larry.Lo	F5	張羽儀	大江	Natalie.Chang	Natalie.Chang
Larry.Lo	F5	凌睿廷	美國	Rei.Ling	Rei.Ling
Larry.Lo	F5	蔡弘斌	S8	Paul.Tsai	Paul.Tsai
Larry.Lo	F5	張文倫	美膚	Oliver.Chang	Oliver.Chang
Larry.Lo	F5	李韋璇	農科	Nunu.Lee	Nunu.Lee
Larry.Lo	F5	羌伟	S7	Nick.Qiang	Nick.Qiang
Larry.Lo	F5	李仕红	S7	LiShiHong	LiShiHong
Larry.Lo	F5	羅竣隆	農科	Larry.Lo	Larry.Lo
Larry.Lo	F5	张卫星	生技	17612181179	17612181179
Leif.Wang	F6	謝汶樺	大江	peggy.hsieh	peggy.hsieh
Leif.Wang	F6	涂智堯	S8	0960512321	0960512321
Leif.Wang	F6	張靜	国贸	Pinko.Zhang	Pinko.Zhang
Leif.Wang	F6	沈咏絮	生科	17717577521	17717577521
Leif.Wang	F6	丁佩青	基因	Silvia.Ting	Silvia.Ting
Leif.Wang	F6	林晉宏	農科	Phill.Lin	Phill.Lin
Leif.Wang	F6	何政育	大江	Petter.Ho	Petter.Ho
Leif.Wang	F6	歐霈霈	大江	Peipei.Ou	Peipei.Ou
Leif.Wang	F6	汪興一	大江	Leif.Wang	Leif.Wang
Leif.Wang	F6	杨智隆	S8	15850131108	15850131108